patient_id,name,age,gender,address,contact_number,admission_date,diagnosis_code
P001,John Doe,45,M,123 Elm St,555-1234,2024-01-01,D001
P002,Jane Smith,34,F,456 Oak St,555-5678,2024-01-02,D002
P003,Alice Johnson,29,F,789 Pine St,555-8765,2024-01-03,D003
P004,Bob Brown,54,M,101 Maple St,555-4321,2024-01-04,D004
P005,Eve Davis,61,F,202 Cedar St,555-6789,2024-01-05,D005
P006,Charlie Wilson,40,M,303 Birch St,555-2345,2024-01-06,D006
P007,Diana Martinez,48,F,404 Cedar St,555-3456,2024-01-07,D007
P008,Edward Clark,52,M,505 Elm St,555-4567,2024-01-08,D008
P009,Grace Lewis,37,F,606 Oak St,555-5678,2024-01-09,D009
P010,Harry Walker,33,M,707 Pine St,555-6789,2024-01-10,D010
P011,Ivy Hall,41,F,808 Maple St,555-7890,2024-01-11,D003
P012,James Allen,46,M,909 Birch St,555-8901,2024-01-12,D007
P013,Karen Young,28,F,1010 Cedar St,555-9012,2024-01-13,D002
P014,Liam King,39,M,1111 Elm St,555-0123,2024-01-14,D009
P015,Mia Scott,50,F,1212 Oak St,555-1234,2024-01-15,D001
P016,Noah Adams,43,M,1313 Pine St,555-2345,2024-01-16,D010
P017,Olivia Baker,31,F,1414 Maple St,555-3456,2024-01-17,D008
P018,Paul Gonzalez,55,M,1515 Birch St,555-4567,2024-01-18,D004
P019,Quinn Carter,49,F,1616 Cedar St,555-5678,2024-01-19,D006
P020,Rachel Phillips,30,F,1717 Elm St,555-6789,2024-01-20,D005
P021,Steve Evans,44,M,1818 Oak St,555-7890,2024-01-21,D007
P022,Tracy Nelson,32,F,1919 Pine St,555-8901,2024-01-22,D002
P023,Uma Brooks,47,F,2020 Maple St,555-9012,2024-01-23,D009
P024,Victor Morris,38,M,2121 Birch St,555-0123,2024-01-24,D010
P025,Wendy Cooper,51,F,2222 Cedar St,555-1234,2024-01-25,D001
P026,Xander Lee,29,M,2323 Elm St,555-2345,2024-01-26,D003
P027,Yara Bell,40,F,2424 Oak St,555-3456,2024-01-27,D006
P028,Zachary Harris,56,M,2525 Pine St,555-4567,2024-01-28,D008
P029,Amelia Gray,34,F,2626 Maple St,555-5678,2024-01-29,D004
P030,Benjamin Wright,42,M,2727 Birch St,555-6789,2024-01-30,D007
P031,Catherine James,46,F,2828 Cedar St,555-7890,2024-01-31,D005
P032,David Walker,50,M,2929 Elm St,555-8901,2024-02-01,D009
P033,Emily King,31,F,3030 Oak St,555-9012,2024-02-02,D010
P034,Frank Hall,47,M,3131 Pine St,555-0123,2024-02-03,D002
P035,Grace Adams,53,F,3232 Maple St,555-1234,2024-02-04,D003
P036,Henry Scott,38,M,3333 Birch St,555-2345,2024-02-05,D001
P037,Isabella Lewis,39,F,3434 Cedar St,555-3456,2024-02-06,D007
P038,Jack Young,45,M,3535 Elm St,555-4567,2024-02-07,D006
P039,Kimberly Brown,48,F,3636 Oak St,555-5678,2024-02-08,D010
P040,Lucas Miller,29,M,3737 Pine St,555-6789,2024-02-09,D004
P041,Maria Davis,36,F,3838 Maple St,555-7890,2024-02-10,D008
P042,Nathan Robinson,50,M,3939 Birch St,555-8901,2024-02-11,D005
P043,Olivia Carter,52,F,4040 Cedar St,555-9012,2024-02-12,D009
P044,Patrick Wilson,37,M,4141 Elm St,555-0123,2024-02-13,D001
P045,Quinn Evans,55,F,4242 Oak St,555-1234,2024-02-14,D010
P046,Rachel Harris,41,F,4343 Pine St,555-2345,2024-02-15,D007
P047,Samuel Clark,39,M,4444 Maple St,555-3456,2024-02-16,D002
P048,Tiffany Johnson,34,F,4545 Birch St,555-4567,2024-02-17,D003
P049,Uriel Martinez,44,M,4646 Cedar St,555-5678,2024-02-18,D006
P050,Vanessa Lewis,51,F,4747 Elm St,555-6789,2024-02-19,D008
P051,William Green,46,M,4848 Oak St,555-7890,2024-02-20,D005
P052,Xena Walker,35,F,4949 Pine St,555-8901,2024-02-21,D009
P053,Yvonne Carter,42,F,5050 Maple St,555-9012,2024-02-22,D001
P054,Zachary Adams,38,M,5151 Birch St,555-0123,2024-02-23,D010
P055,Alice Thompson,40,F,5252 Cedar St,555-1234,2024-02-24,D004
P056,Benjamin Clark,50,M,5353 Elm St,555-2345,2024-02-25,D007
P057,Catherine Lee,29,F,5454 Oak St,555-3456,2024-02-26,D002
P058,Daniel Wright,44,M,5555 Pine St,555-4567,2024-02-27,D003
P059,Emily Harris,37,F,5656 Maple St,555-5678,2024-02-28,D005
P060,Frankie Young,52,M,5757 Birch St,555-6789,2024-02-29,D008
P061,Grace Robinson,33,F,5858 Cedar St,555-7890,2024-03-01,D009
P062,Henry Davis,46,M,5959 Elm St,555-8901,2024-03-02,D010
P063,Isabella Evans,31,F,6060 Oak St,555-9012,2024-03-03,D001
P064,Jack Lewis,49,M,6161 Pine St,555-0123,2024-03-04,D007
P065,Kimberly Wilson,36,F,6262 Maple St,555-1234,2024-03-05,D002
P066,Liam Harris,41,M,6363 Birch St,555-2345,2024-03-06,D004
P067,Maria Young,30,F,6464 Cedar St,555-3456,2024-03-07,D009
P068,Nathan Scott,51,M,6565 Elm St,555-4567,2024-03-08,D003
P069,Olivia King,37,F,6666 Oak St,555-5678,2024-03-09,D006
P070,Patrick Martinez,40,M,6767 Pine St,555-6789,2024-03-10,D010
P071,Quinn Adams,53,F,6868 Maple St,555-7890,2024-03-11,D008
P072,Rachel White,34,F,6969 Birch St,555-8901,2024-03-12,D005
P073,Samuel Robinson,38,M,7070 Cedar St,555-9012,2024-03-13,D007
P074,Tiffany Brown,45,F,7171 Elm St,555-0123,2024-03-14,D002
P075,Uriel Davis,50,M,7272 Oak St,555-1234,2024-03-15,D009
P076,Vanessa Johnson,29,F,7373 Pine St,555-2345,2024-03-16,D001
P077,William White,42,M,7474 Maple St,555-3456,2024-03-17,D010
P078,Xena Adams,39,F,7575 Birch St,555-4567,2024-03-18,D003
P079,Yvonne Scott,46,F,7676 Cedar St,555-5678,2024-03-19,D004
P080,Zachary Harris,33,M,7777 Elm St,555-6789,2024-03-20,D008
P081,Alice Lewis,50,F,7878 Oak St,555-7890,2024-03-21,D005
P082,Benjamin Wilson,28,M,7979 Pine St,555-8901,2024-03-22,D007
P083,Catherine Davis,44,F,8080 Maple St,555-9012,2024-03-23,D006
P084,Daniel Young,39,M,8181 Birch St,555-0123,2024-03-24,D002
P085,Emily Brown,53,F,8282 Cedar St,555-1234,2024-03-25,D009
P086,Frankie Harris,42,M,8383 Elm St,555-2345,2024-03-26,D010
P087,Grace Wilson,31,F,8484 Oak St,555-3456,2024-03-27,D001
P088,Henry Scott,50,M,8585 Pine St,555-4567,2024-03-28,D004
P089,Isabella Adams,47,F,8686 Maple St,555-5678,2024-03-29,D007
P090,Jack Johnson,36,M,8787 Birch St,555-6789,2024-03-30,D005
P091,Kimberly Lee,34,F,8888 Cedar St,555-7890,2024-03-31,D008
P092,Liam Carter,45,M,8989 Elm St,555-8901,2024-04-01,D009
P093,Maria White,52,F,9090 Oak St,555-9012,2024-04-02,D010
P094,Nathan Brown,30,M,9191 Pine St,555-0123,2024-04-03,D003
P095,Olivia King,39,F,9292 Maple St,555-1234,2024-04-04,D002
P096,Patrick Harris,50,M,9393 Birch St,555-2345,2024-04-05,D007
P097,Quinn Lewis,41,F,9494 Cedar St,555-3456,2024-04-06,D010
P098,Rachel Adams,28,F,9595 Elm St,555-4567,2024-04-07,D005
P099,Samuel Johnson,46,M,9696 Oak St,555-5678,2024-04-08,D008
P100,Tiffany Davis,53,F,9797 Pine St,555-6789,2024-04-09,D001
P101,Uriel Adams,35,F,9898 Maple St,555-7890,2024-04-10,D009
P102,Vanessa Lee,48,M,9999 Birch St,555-8901,2024-04-11,D003
P103,William Davis,40,F,10101 Cedar St,555-9012,2024-04-12,D006
P104,Xena Johnson,29,M,10202 Elm St,555-0123,2024-04-13,D007
P105,Yvonne King,46,F,10303 Oak St,555-1234,2024-04-14,D010
P106,Zachary Brown,39,M,10404 Pine St,555-2345,2024-04-15,D004
P107,Alice Carter,51,F,10505 Maple St,555-3456,2024-04-16,D005
P108,Benjamin Scott,42,M,10606 Birch St,555-4567,2024-04-17,D009
P109,Catherine Harris,34,F,10707 Cedar St,555-5678,2024-04-18,D003
P110,Daniel Adams,39,M,10808 Elm St,555-6789,2024-04-19,D001
P111,Emily King,30,F,10909 Oak St,555-7890,2024-04-20,D008
P112,Frankie Lewis,53,M,11010 Pine St,555-8901,2024-04-21,D007
P113,Grace Johnson,36,F,11111 Maple St,555-9012,2024-04-22,D010
P114,Henry Adams,31,M,11212 Birch St,555-0123,2024-04-23,D002
P115,Isabella Wilson,50,F,11313 Cedar St,555-1234,2024-04-24,D006
P116,Jack Harris,29,M,11414 Elm St,555-2345,2024-04-25,D009
P117,Kimberly Lee,47,F,11515 Oak St,555-3456,2024-04-26,D005
P118,Liam Scott,34,M,11616 Pine St,555-4567,2024-04-27,D001
P119,Maria Brown,43,F,11717 Maple St,555-5678,2024-04-28,D004
P120,Nathan Johnson,39,M,11818 Birch St,555-6789,2024-04-29,D007
P121,Olivia Carter,46,F,11919 Cedar St,555-7890,2024-04-30,D010
P122,Patrick Lee,33,M,12020 Elm St,555-8901,2024-05-01,D003
P123,Quinn Davis,52,F,12121 Oak St,555-9012,2024-05-02,D008
P124,Rachel Scott,41,F,12222 Pine St,555-0123,2024-05-03,D002
P125,Samuel White,38,M,12323 Maple St,555-1234,2024-05-04,D009
P126,Tiffany Johnson,29,F,12424 Birch St,555-2345,2024-05-05,D005
P127,Uriel Harris,46,M,12525 Cedar St,555-3456,2024-05-06,D010
P128,Vanessa Brown,30,F,12626 Elm St,555-4567,2024-05-07,D001
P129,William King,39,M,12727 Oak St,555-5678,2024-05-08,D004
P130,Xena Adams,44,F,12828 Pine St,555-6789,2024-05-09,D007
P131,Yvonne Davis,33,F,12929 Maple St,555-7890,2024-05-10,D003
P132,Zachary Lewis,52,M,13030 Birch St,555-8901,2024-05-11,D006
P133,Alice White,48,F,13131 Cedar St,555-9012,2024-05-12,D008
P134,Benjamin Scott,37,M,13232 Elm St,555-0123,2024-05-13,D002
P135,Catherine Adams,50,F,13333 Oak St,555-1234,2024-05-14,D009
P136,Daniel King,29,M,13434 Pine St,555-2345,2024-05-15,D010
P137,Emily Johnson,46,F,13535 Maple St,555-3456,2024-05-16,D001
P138,Frankie Davis,41,M,13636 Birch St,555-4567,2024-05-17,D007
P139,Grace Brown,30,F,13737 Cedar St,555-5678,2024-05-18,D005
P140,Henry Lee,35,M,13838 Elm St,555-6789,2024-05-19,D003
P141,Isabella Harris,43,F,13939 Oak St,555-7890,2024-05-20,D004
P142,Jack Scott,29,M,14040 Pine St,555-8901,2024-05-21,D008
P143,Kimberly Johnson,50,F,14141 Maple St,555-9012,2024-05-22,D010
P144,Liam Carter,39,M,14242 Birch St,555-0123,2024-05-23,D006
P145,Maria Lee,52,F,14343 Cedar St,555-1234,2024-05-24,D009
P146,Nathan Adams,30,M,14444 Elm St,555-2345,2024-05-25,D002
P147,Olivia Wilson,48,F,14545 Oak St,555-3456,2024-05-26,D005
P148,Patrick Brown,34,M,14646 Pine St,555-4567,2024-05-27,D010
P149,Quinn Harris,50,F,14747 Maple St,555-5678,2024-05-28,D001
P150,Rachel Johnson,41,F,14848 Birch St,555-6789,2024-05-29,D007
P151,Samuel Lee,28,M,14949 Cedar St,555-7890,2024-05-30,D004
P152,Tiffany White,46,F,15050 Elm St,555-8901,2024-05-31,D002
P153,Uriel Adams,39,M,15151 Oak St,555-9012,2024-06-01,D003
P154,Vanessa Harris,32,F,15252 Pine St,555-0123,2024-06-02,D009
P155,William King,50,M,15353 Maple St,555-1234,2024-06-03,D006
P156,Xena Johnson,29,F,15454 Birch St,555-2345,2024-06-04,D008
P157,Yvonne Davis,44,F,15555 Cedar St,555-3456,2024-06-05,D010
P158,Zachary Brown,37,M,15656 Elm St,555-4567,2024-06-06,D001
P159,Alice Scott,51,F,15757 Oak St,555-5678,2024-06-07,D001
P160,Benjamin Lee,42,M,15858 Pine St,555-6789,2024-06-08,D001
P161,Catherine King,33,F,15959 Maple St,555-7890,2024-06-09,D002
P162,Daniel Harris,48,M,16060 Birch St,555-8901,2024-06-10,D003
P163,Emily Adams,37,F,16161 Cedar St,555-9012,2024-06-11,D004
P164,Frankie Johnson,52,M,16262 Elm St,555-0123,2024-06-12,D005
P165,Grace Lee,30,F,16363 Oak St,555-1234,2024-06-13,D006
P166,Henry Brown,39,M,16464 Pine St,555-2345,2024-06-14,D007
P167,Isabella Scott,46,F,16565 Maple St,555-3456,2024-06-15,D008
P168,Jack Carter,34,M,16666 Birch St,555-4567,2024-06-16,D009
P169,Kimberly Adams,50,F,16767 Cedar St,555-5678,2024-06-17,D010
P170,Liam Johnson,29,M,16868 Elm St,555-6789,2024-06-18,D003
P171,Maria Lee,43,F,16969 Oak St,555-7890,2024-06-19,D007
P172,Nathan Brown,35,M,17070 Pine St,555-8901,2024-06-20,D002
P173,Olivia Harris,48,F,17171 Maple St,555-9012,2024-06-21,D009
P174,Patrick Scott,30,M,17272 Birch St,555-0123,2024-06-22,D001
P175,Quinn Johnson,52,F,17373 Cedar St,555-1234,2024-06-23,D010
P176,Rachel Adams,41,F,17474 Elm St,555-2345,2024-06-24,D008
P177,Samuel Harris,34,M,17575 Oak St,555-3456,2024-06-25,D004
P178,Tiffany King,50,F,17676 Pine St,555-4567,2024-06-26,D006
P179,Uriel Scott,29,M,17777 Maple St,555-5678,2024-06-27,D005
P180,Vanessa Adams,44,F,17878 Birch St,555-6789,2024-06-28,D007
P181,William Johnson,37,M,17979 Cedar St,555-7890,2024-06-29,D002
P182,Xena Harris,46,F,18080 Elm St,555-8901,2024-06-30,D009
P183,Yvonne Brown,33,F,18181 Oak St,555-9012,2024-07-01,D010
P184,Zachary Scott,52,M,18282 Pine St,555-0123,2024-07-02,D001
P185,Alice Lee,50,F,18383 Maple St,555-1234,2024-07-03,D003
P186,Benjamin Harris,35,M,18484 Birch St,555-2345,2024-07-04,D006
P187,Catherine Adams,44,F,18585 Cedar St,555-3456,2024-07-05,D008
P188,Daniel Johnson,41,M,18686 Elm St,555-4567,2024-07-06,D004
P189,Emily Scott,30,F,18787 Oak St,555-5678,2024-07-07,D007
P190,Frankie Lee,46,M,18888 Pine St,555-6789,2024-07-08,D005
P191,Grace Brown,29,F,18989 Maple St,555-7890,2024-07-09,D009
P192,Henry Harris,37,M,19090 Birch St,555-8901,2024-07-10,D010
P193,Isabella Adams,48,F,19191 Cedar St,555-9012,2024-07-11,D002
P194,Jack Lee,34,M,19292 Elm St,555-0123,2024-07-12,D003
P195,Kimberly Scott,41,F,19393 Oak St,555-1234,2024-07-13,D001
P196,Liam Brown,50,M,19494 Pine St,555-2345,2024-07-14,D007
P197,Maria Johnson,46,F,19595 Maple St,555-3456,2024-07-15,D006
P198,Nathan Harris,30,M,19696 Birch St,555-4567,2024-07-16,D010
P199,Olivia Adams,44,F,19797 Cedar St,555-5678,2024-07-17,D004
P200,Patrick Brown,33,M,19898 Elm St,555-6789,2024-07-18,D008